ID,Name,Price,"Quantity on Hand"
0,"Burnt orange Ottoman",$52.99,42
1,"Alabaster Sofa",$649.99,49
2,"Maize Dining Table",$800,66
3,"French mauve Sleeper Sofa","$1,279.99",23
4,"Pine green Dining Chair",$89.99,56
5,"Sweet Brown End Table",$39.99,19
6,"Cadmium red Stool",$54.99,5
7,"Piggy pink Sleeper Sofa","$1,279.99",44
8,"Deep saffron Wardrobe",$719.99,100
9,"Turquoise Wardrobe",$719.99,80
10,"Blue-violet End Table",$39.99,69
11,"Android green End Table",$39.99,73
12,"Green Wardrobe",$719.99,67
13,"Titanium yellow Wardrobe",$719.99,75
14,"Bright yellow Dining Table",$800,14
15,"Chinese violet Crib",$289,36
16,"Maroon Dining Chair",$89.99,25
17,"Iceberg Crib",$289,26
18,"Safety yellow Futon",$219.99,99
19,"Metallic Sunburst Storage Bench",$194.99,96
20,"Tuscan tan Sleeper Sofa","$1,279.99",80
21,"Egyptian blue Reclining Loveseat","$1,023.99",73
22,"Melon pink Dresser",$699.99,6
23,"Nickel End Table",$39.99,70
24,"Celadon green Chaise Lounge",$235.99,96
25,"Wheat gold Bed",$389.99,42
26,"Artichoke Daybed",$311.99,53
27,"Medium blue Nightstand",$81.99,65
28,"Rose ebony Dining Chair",$89.99,84
29,"Hot magenta Bench",$114.99,8
30,"Lava Dining Chair",$89.99,97
31,"Nickel Bed",$389.99,51
32,"Razzmatazz Stool",$54.99,25
33,"Parchment Coffee Table",$200,97
34,"Mahogany Sectional","$1,039.99",63
35,"Auburn Ottoman",$52.99,26
36,"Olive Drab Sofa",$649.99,27
37,"Lemon curry Coffee Table",$200,65
38,"Deep champagne Chaise Lounge",$235.99,17
39,"UP Forest green Dresser",$699.99,4
40,"Shiny Shamrock Wardrobe",$719.99,96
41,"Goldenrod Futon",$219.99,75
42,"Chocolate Cosmos Sectional","$1,039.99",13
43,"Floral white Sofa",$649.99,25
44,"Imperial red Ottoman",$52.99,90
45,"Azure Futon",$219.99,79
46,"Lilac Coffee Table",$200,71
47,"Psychedelic purple Wardrobe",$719.99,67
48,"Navajo white Reclining Loveseat","$1,023.99",77
49,"Charcoal Ottoman",$52.99,96
50,"Neon green Sectional","$1,039.99",99
51,"Maximum yellow red Chaise Lounge",$235.99,4
52,"Moss green Reclining Loveseat","$1,023.99",95
53,"Cadmium green Dining Table",$800,33
54,"Mint Loveseat",$269.99,85
55,"Dark salmon Crib",$289,49
56,"Taupe gray Sofa",$649.99,100
57,"Neon blue Daybed",$311.99,28
58,"Japanese violet Chaise Lounge",$235.99,88
59,"Lemon curry Futon",$219.99,3
60,"Light cyan Headboard",$222.99,83
61,"Maximum green Crib",$289,60
62,"May green Dining Chair",$89.99,56
63,"Dark slate blue Reclining Loveseat","$1,023.99",92
64,"Lawn green Loveseat",$269.99,13
65,"Pansy purple Chaise Lounge",$235.99,76
66,"Dark jungle green Loveseat",$269.99,87
67,"Spanish orange Stool",$54.99,99
68,"Maximum yellow Daybed",$311.99,81
69,"Carnation pink Reclining Loveseat","$1,023.99",89
70,"Chocolate Cosmos Futon",$219.99,36
71,"Harvard Crimson Crib",$289,36
72,"Dark salmon End Table",$39.99,85
73,"KSU purple Storage Bench",$194.99,16
74,"Brilliant rose Crib",$289,44
75,"Lavender blush Headboard",$222.99,60
76,"UP maroon Chaise Lounge",$235.99,11
77,"French lilac Bed",$389.99,32
78,"Raspberry glace Plant Stand",$42.99,26
79,"Chinese red Coffee Table",$200,46
80,"Black Stool",$54.99,30
81,"Purple pizzazz Dining Chair",$89.99,37
82,"Minion yellow Nightstand",$81.99,99
83,"Eton blue Loveseat",$269.99,44
84,"Green-blue Reclining Loveseat","$1,023.99",55
85,"Silver chalice Crib",$289,35
86,"Sacramento State green Dining Chair",$89.99,91
87,"Majorelle blue Reclining Loveseat","$1,023.99",90
88,"Pink flamingo Loveseat",$269.99,66
89,"Nickel Wardrobe",$719.99,5
90,"Big dip o’ruby Crib",$289,47
91,"Dark cyan Storage Bench",$194.99,19
92,"United Nations blue Reclining Loveseat","$1,023.99",70
93,"Light sea green Chaise Lounge",$235.99,14
94,"Alabaster Ottoman",$52.99,97
95,"Middle yellow Wardrobe",$719.99,48
96,"Tangerine End Table",$39.99,92
97,"Terra cotta Coffee Table",$200,27
98,"Artichoke Sleeper Sofa","$1,279.99",39
99,"Mantis green Sleeper Sofa","$1,279.99",67
100,"Flax Reclining Loveseat","$1,023.99",86
101,"Cornell red Nightstand",$81.99,42
102,"Platinum Sofa",$649.99,53
103,"Light goldenrod yellow Sectional","$1,039.99",49
104,"Hot pink Sleeper Sofa","$1,279.99",38
105,"Bittersweet shimmer Stool",$54.99,68
106,"Sandy brown Chaise Lounge",$235.99,9
107,"Café noir Ottoman",$52.99,61
108,"Dark slate blue Plant Stand",$42.99,64
109,"Languid lavender Sleeper Sofa","$1,279.99",93
110,"USAFA blue Headboard",$222.99,38
111,"Illuminating emerald Headboard",$222.99,31
112,"Antique white Nightstand",$81.99,66
113,"Rose vale Storage Bench",$194.99,54
114,"Indigo dye Coffee Table",$200,16
115,"Dartmouth green Ottoman",$52.99,31
116,"Navy blue Headboard",$222.99,98
117,"Scarlet Dining Chair",$89.99,60
118,"French mauve Crib",$289,43
119,"Cerulean blue Coffee Table",$200,14
120,"Russet brown Storage Bench",$194.99,74
121,"Magic mint Sofa",$649.99,78
122,"Bright green Bench",$114.99,12
123,"Sunglow Bench",$114.99,29
124,"Fern green Headboard",$222.99,64
125,"Mint green Headboard",$222.99,55
126,"Cadet grey Bed",$389.99,34
127,"Fiery rose Nightstand",$81.99,36
128,"Brown Sleeper Sofa","$1,279.99",66
129,"Lavender Bed",$389.99,47
130,"Mango Chaise Lounge",$235.99,52
131,"School Bus Yellow Bed",$389.99,80
132,"Falu red Nightstand",$81.99,94
133,"Brink pink Coffee Table",$200,29
134,"Sonic silver Futon",$219.99,8
135,"Myrtle Futon",$219.99,70
136,"Stil de grain yellow Sofa",$649.99,23
137,"Spanish gray Daybed",$311.99,9
138,"Macaroni and Cheese Dining Chair",$89.99,37
139,"Dark khaki Dresser",$699.99,58
140,"Forest green Reclining Loveseat","$1,023.99",37
141,"Medium purple Nightstand",$81.99,2
142,"Mahogany Headboard",$222.99,7
143,"Charleston green Daybed",$311.99,7
144,"UA red Futon",$219.99,95
145,"Burnt sienna Chaise Lounge",$235.99,13
146,"Harvest gold Reclining Loveseat","$1,023.99",66
147,"Warm black Wardrobe",$719.99,52
148,"Peach Wardrobe",$719.99,67
149,"Queen blue Chaise Lounge",$235.99,66
150,"Emerald Nightstand",$81.99,88
151,"Wild watermelon Crib",$289,60
152,"Peach Crib",$289,76
153,"Cyber grape Futon",$219.99,86
154,"Air superiority blue Dresser",$699.99,100
155,"Mellow apricot Sectional","$1,039.99",25
156,"Cherry blossom pink Daybed",$311.99,52
157,"Jade Daybed",$311.99,80
158,"Peach Reclining Loveseat","$1,023.99",6
159,"Spring Frost Reclining Loveseat","$1,023.99",100
160,"Fern green Reclining Loveseat","$1,023.99",94
161,"Cornell red Stool",$54.99,25
162,"USAFA blue Headboard",$222.99,17
163,"Illuminating emerald Chaise Lounge",$235.99,2
164,"Maximum red purple Stool",$54.99,3
165,"Old mauve Wardrobe",$719.99,18
166,"Spanish viridian Bench",$114.99,71
167,"Tomato red Wardrobe",$719.99,60
168,"Acid green Sectional","$1,039.99",41
169,"Winter Sky Loveseat",$269.99,46
170,"Picotee blue Crib",$289,94
171,"Sizzling Sunrise yellow Sleeper Sofa","$1,279.99",46
172,"Shimmering Blush Coffee Table",$200,85
173,"Cool grey Storage Bench",$194.99,82
174,"Blond Daybed",$311.99,83
175,"Sapphire Sectional","$1,039.99",6
176,"Deep saffron Ottoman",$52.99,57
177,"Deep champagne Dresser",$699.99,90
178,"Dim gray Sectional","$1,039.99",57
179,"Gold Fusion Bench",$114.99,4
180,"Kelly green Crib",$289,69
181,"Platinum Daybed",$311.99,66
182,"Navy blue Futon",$219.99,93
183,"Ultra red Headboard",$222.99,7
184,"Harvest gold Ottoman",$52.99,27
185,"Shamrock green Sleeper Sofa","$1,279.99",73
186,"Cardinal Dining Chair",$89.99,92
187,"Dark violet Headboard",$222.99,59
188,"Spanish violet Sleeper Sofa","$1,279.99",26
189,"Medium slate blue Chaise Lounge",$235.99,57
190,"Shocking pink Stool",$54.99,59
191,"Tyrian purple Reclining Sofa","$1,119.99",91
192,"Metallic Sunburst End Table",$39.99,14
193,"Dark red Ottoman",$52.99,11
194,"Celadon blue Headboard",$222.99,60
195,"Canary Storage Bench",$194.99,58
196,"Vegas gold Sleeper Sofa","$1,279.99",5
197,"Purple Storage Bench",$194.99,29
198,"Spanish blue Coffee Table",$200,4
199,"Yellow Sunshine Dining Chair",$89.99,8
200,"Olive Chaise Lounge",$235.99,73
201,"Bright lilac Ottoman",$52.99,58
202,"Misty rose Sleeper Sofa","$1,279.99",96
203,"Light coral Sleeper Sofa","$1,279.99",26
204,"Pale spring bud Bench",$114.99,95
205,"Deep champagne Sleeper Sofa","$1,279.99",14
206,"Oxford blue Wardrobe",$719.99,24
207,"Dark slate blue Nightstand",$81.99,18
208,"English violet Ottoman",$52.99,57
209,"Van Dyke brown Bench",$114.99,9
210,"Wheat gold Wardrobe",$719.99,95
211,"Onyx Crib",$289,52
212,"Wine dregs maroon Sleeper Sofa","$1,279.99",4
213,"Tea rose Loveseat",$269.99,43
214,"English vermillion Reclining Sofa","$1,119.99",40
215,"Parchment Reclining Loveseat","$1,023.99",25
216,"Avocado Storage Bench",$194.99,93
217,"Tan Futon",$219.99,10
218,"Spanish viridian Futon",$219.99,47
219,"Fuzzy Wuzzy brown Daybed",$311.99,5
220,"Burlywood Sofa",$649.99,72
221,"Bright yellow Dresser",$699.99,90
222,"French sky blue Headboard",$222.99,28
223,"Olivine Sleeper Sofa","$1,279.99",8
224,"Periwinkle Daybed",$311.99,58
225,"Café au lait Stool",$54.99,99
226,"Pink lavender Nightstand",$81.99,41
227,"Mauve Nightstand",$81.99,60
228,"Citrine Ottoman",$52.99,92
229,"Taupe Dining Chair",$89.99,35
230,"Maximum blue Ottoman",$52.99,90
231,"Midnight blue Crib",$289,92
232,"Ultramarine Dresser",$699.99,2
233,"Fluorescent blue Loveseat",$269.99,59
234,"Tickle Me Pink Coffee Table",$200,52
235,"Mystic maroon Chaise Lounge",$235.99,6
236,"Dark sienna Sofa",$649.99,78
237,"Medium spring green Headboard",$222.99,96
238,"French beige Loveseat",$269.99,54
239,"Yellow Sunshine Reclining Loveseat","$1,023.99",91
240,"Blue Reclining Sofa","$1,119.99",92
241,"Metallic Sunburst Sectional","$1,039.99",51
242,"Magenta Loveseat",$269.99,96
243,"Light pink Bench",$114.99,46
244,"Amethyst Reclining Loveseat","$1,023.99",17
245,"Honolulu blue Daybed",$311.99,30
246,"Payne's grey Dining Chair",$89.99,84
247,"Liseran purple Dining Table",$800,29
248,"Bud green Sofa",$649.99,47
249,"International Klein Blue Reclining Loveseat","$1,023.99",95
250,"Pink lavender Dining Chair",$89.99,11
251,"Cameo pink Sofa",$649.99,99
252,"Slate gray Headboard",$222.99,20
253,"Wild Strawberry Daybed",$311.99,57
254,"Lavender blush Futon",$219.99,90
255,"Blue bell Bed",$389.99,51
256,"Spring Frost Dresser",$699.99,55
257,"Persian indigo Nightstand",$81.99,72
258,"Carolina blue Daybed",$311.99,12
259,"Pictorial carmine Ottoman",$52.99,24
260,"Light yellow Sleeper Sofa","$1,279.99",75
261,"Artichoke Storage Bench",$194.99,57
262,"Green Lizard Coffee Table",$200,40
263,"Italian sky blue Dining Chair",$89.99,79
264,"Lavender blush Crib",$289,11
265,"Blizzard blue End Table",$39.99,4
266,"Rojo Spanish red Storage Bench",$194.99,87
267,"Radical Red Dining Table",$800,32
268,"Denim Headboard",$222.99,92
269,"Heliotrope gray Dining Chair",$89.99,50
270,"Vanilla ice Dresser",$699.99,99
271,"Turquoise Reclining Loveseat","$1,023.99",57
272,"Dogwood rose Loveseat",$269.99,74
273,"Schauss pink Plant Stand",$42.99,2
274,"Cornell red Chaise Lounge",$235.99,9
275,"Sienna Sleeper Sofa","$1,279.99",72
276,"Hansa yellow Dining Table",$800,29
277,"Queen blue Plant Stand",$42.99,72
278,"Light periwinkle Daybed",$311.99,32
279,"Red Salsa Reclining Sofa","$1,119.99",33
280,"Royal yellow End Table",$39.99,58
281,"Sheen green Sofa",$649.99,89
282,"Russian green Sofa",$649.99,5
283,"Espresso Headboard",$222.99,20
284,"Lavender gray Reclining Sofa","$1,119.99",23
285,"Field drab Daybed",$311.99,6
286,"Opal Stool",$54.99,12
287,"Red Futon",$219.99,46
288,"Charm pink Ottoman",$52.99,40
289,"Pewter Blue Bed",$389.99,52
290,"English vermillion End Table",$39.99,76
291,"Chili red Bench",$114.99,32
292,"Pansy purple Sectional","$1,039.99",36
293,"Royal purple Dining Table",$800,42
294,"Magnolia Bench",$114.99,40
295,"Imperial red Loveseat",$269.99,60
296,"Sizzling Red Sofa",$649.99,25
297,"Ocean Blue Crib",$289,17
298,"Rose vale Sleeper Sofa","$1,279.99",84
299,"Dodger blue Plant Stand",$42.99,100
300,"Razzle dazzle rose Headboard",$222.99,20
301,"Dogwood rose Bench",$114.99,50
302,"French violet Loveseat",$269.99,29
303,"Granite gray Plant Stand",$42.99,18
304,"Sea green Coffee Table",$200,28
305,"Tuscan tan Dining Table",$800,68
306,"Melon pink Dining Table",$800,27
307,"Purple pizzazz End Table",$39.99,57
308,"Light cyan Bench",$114.99,22
309,"Indian yellow Stool",$54.99,30
310,"Rose ebony Daybed",$311.99,39
311,"Blue yonder Sleeper Sofa","$1,279.99",24
312,"Tuscan brown Dresser",$699.99,9
313,"Burnished brown Daybed",$311.99,85
314,"Paradise pink Wardrobe",$719.99,81
315,"Space cadet blue Dining Chair",$89.99,16
316,"Sea green Sectional","$1,039.99",31
317,"Myrtle Daybed",$311.99,74
318,"Paris Green Sleeper Sofa","$1,279.99",21
319,"Dark sea green Stool",$54.99,39
320,"Cyan End Table",$39.99,89
321,"Antique fuchsia Sectional","$1,039.99",70
322,"Lime Bed",$389.99,79
323,"Light sky blue Sleeper Sofa","$1,279.99",61
324,"Dark cyan Storage Bench",$194.99,51
325,"Dark cornflower blue Coffee Table",$200,28
326,"Old mauve Nightstand",$81.99,64
327,"Brandy Loveseat",$269.99,41
328,"Alloy orange Ottoman",$52.99,88
329,"Ocean green Loveseat",$269.99,21
330,"Deep jungle green Bench",$114.99,50
331,"Ebony Loveseat",$269.99,49
332,"Mellow apricot Sofa",$649.99,72
333,"Dark electric blue Headboard",$222.99,68
334,"Dark chocolate Crib",$289,23
335,"Gray Sectional","$1,039.99",88
336,"OU Crimson red Bed",$389.99,29
337,"Mauve Coffee Table",$200,13
338,"Brown sugar Coffee Table",$200,23
339,"Cornflower blue Ottoman",$52.99,25
340,"Spring bud Daybed",$311.99,19
341,"Languid lavender Dining Table",$800,11
342,"Baby powder blue End Table",$39.99,51
343,"Queen blue Plant Stand",$42.99,42
344,"Dark pastel green Crib",$289,78
345,"Rebecca Purple End Table",$39.99,4
346,"Ocean Blue Stool",$54.99,9
347,"French bistre Coffee Table",$200,33
348,"Blue Sleeper Sofa","$1,279.99",9
349,"Mimi pink Nightstand",$81.99,60
350,"Medium orchid Stool",$54.99,38
351,"Naples yellow Chaise Lounge",$235.99,94
352,"Rose Dresser",$699.99,81
353,"Dark slate blue Nightstand",$81.99,0
354,"Copper red Dining Table",$800,30
355,"Red Bed",$389.99,32
356,"Red-violet Coffee Table",$200,40
357,"Ocean Blue End Table",$39.99,57
358,"Wine red End Table",$39.99,31
359,"Roman silver Nightstand",$81.99,80
360,"Salmon Chaise Lounge",$235.99,20
361,"Apple green Sofa",$649.99,42
362,"Maximum blue purple Coffee Table",$200,97
363,"Pictorial carmine Crib",$289,32
364,"Neon Carrot Dining Chair",$89.99,56
365,"Queen blue Reclining Sofa","$1,119.99",45
366,"Dark cornflower blue Dresser",$699.99,26
367,"Pastel pink Bed",$389.99,52
368,"Japanese carmine Plant Stand",$42.99,88
369,"Asparagus green Chaise Lounge",$235.99,57
370,"Mellow yellow Chaise Lounge",$235.99,25
371,"Amaranth red Dining Table",$800,34
372,"Ming Loveseat",$269.99,30
373,"Jade Wardrobe",$719.99,69
374,"Jasmine Sectional","$1,039.99",35
375,"Maximum yellow Ottoman",$52.99,47
376,"Rifle green Coffee Table",$200,20
377,"Indigo dye Nightstand",$81.99,71
378,"Spanish sky blue Dining Chair",$89.99,20
379,"Dark sky blue Sleeper Sofa","$1,279.99",48
380,"Chili red Wardrobe",$719.99,42
381,"Antique white Dining Chair",$89.99,17
382,"Canary yellow Bed",$389.99,46
383,"Rosewood Plant Stand",$42.99,79
384,"Navajo white Bench",$114.99,10
385,"Light cyan Sofa",$649.99,77
386,"Dodger blue Headboard",$222.99,97
387,"Green-blue Coffee Table",$200,27
388,"Umber Ottoman",$52.99,55
389,"UA blue Sleeper Sofa","$1,279.99",97
390,"Arctic lime Dining Table",$800,5
391,"Asparagus green Chaise Lounge",$235.99,88
392,"Café au lait Daybed",$311.99,1
393,"Dark jungle green Ottoman",$52.99,52
394,"Amaranth purple Reclining Loveseat","$1,023.99",30
395,"Orchid Dining Table",$800,56
396,"Safety yellow Dining Table",$800,17
397,"Liseran purple Coffee Table",$200,14
398,"Deep pink Chaise Lounge",$235.99,91
399,"Orchid Nightstand",$81.99,83
400,"Picotee blue Reclining Loveseat","$1,023.99",33
401,"Cyber grape Dining Chair",$89.99,43
402,"Metallic gold Dining Table",$800,89
403,"Field drab Futon",$219.99,75
404,"Medium purple Plant Stand",$42.99,19
405,"Yellow-green Coffee Table",$200,42
406,"Golden yellow Wardrobe",$719.99,78
407,"Orange-yellow Dining Table",$800,11
408,"Brilliant rose Dresser",$699.99,76
409,"Hansa yellow Coffee Table",$200,49
410,"Blue sapphire Sectional","$1,039.99",28
411,"Maximum green Futon",$219.99,26
412,"UA blue Reclining Sofa","$1,119.99",71
413,"Laurel green Daybed",$311.99,4
414,"Cosmic latte Dresser",$699.99,33
415,"Razzmic Berry Sectional","$1,039.99",32
416,"Coyote brown Daybed",$311.99,43
417,"Tufts blue Coffee Table",$200,27
418,"Maximum blue purple Storage Bench",$194.99,59
419,"Blue Headboard",$222.99,66
420,"Granny Smith apple Sofa",$649.99,54
421,"Orchid pink Ottoman",$52.99,38
422,"Lincoln green Crib",$289,42
423,"Amazon green Stool",$54.99,74
424,"Japanese violet Loveseat",$269.99,92
425,"Bitter lime Nightstand",$81.99,61
426,"Lapis lazuli Nightstand",$81.99,73
427,"Golden brown Daybed",$311.99,80
428,"Nickel Nightstand",$81.99,73
429,"Raw umber Loveseat",$269.99,48
430,"Chocolate Cosmos Bed",$389.99,39
431,"Fuchsia Crib",$289,80
432,"Maximum green Crib",$289,49
433,"Portland Orange Plant Stand",$42.99,80
434,"Vegas gold Bed",$389.99,85
435,"Olivine Sleeper Sofa","$1,279.99",62
436,"Shocking pink Wardrobe",$719.99,4
437,"Cadmium red End Table",$39.99,92
438,"Orange-yellow Bed",$389.99,34
439,"Medium aquamarine Sofa",$649.99,25
440,"Safety yellow Plant Stand",$42.99,30
441,"Unbleached silk Daybed",$311.99,10
442,"Thulian pink Wardrobe",$719.99,4
443,"Bittersweet shimmer Sleeper Sofa","$1,279.99",63
444,"Chartreuse Coffee Table",$200,48
445,"Copper penny Bench",$114.99,28
446,"Medium carmine Bench",$114.99,73
447,"Gold Fusion Chaise Lounge",$235.99,8
448,"Cosmic latte End Table",$39.99,45
449,"Mint green Reclining Sofa","$1,119.99",0
450,"Sap green Dining Chair",$89.99,90
451,"Blizzard blue Loveseat",$269.99,45
452,"Bluetiful End Table",$39.99,83
453,"Bleu de France Dining Table",$800,83
454,"Cyber yellow Sofa",$649.99,94
455,"Cotton candy Coffee Table",$200,12
456,"Paris Green Daybed",$311.99,69
457,"Carrot orange Sofa",$649.99,72
458,"Dark lava Dresser",$699.99,80
459,"Little boy blue Crib",$289,27
460,"Maximum green Dining Table",$800,53
461,"Orange-red Dining Chair",$89.99,50
462,"Ocean green Plant Stand",$42.99,24
463,"Fawn Dresser",$699.99,87
464,"Outrageous Orange Reclining Sofa","$1,119.99",74
465,"Tufts blue Sofa",$649.99,93
466,"Baker-Miller pink Wardrobe",$719.99,36
467,"Razzmatazz Sofa",$649.99,98
468,"Citrine Reclining Loveseat","$1,023.99",13
469,"Dark magenta Futon",$219.99,53
470,"Paris Green Ottoman",$52.99,86
471,"Golden yellow Daybed",$311.99,90
472,"Maximum blue green Bench",$114.99,50
473,"Dark chocolate Reclining Loveseat","$1,023.99",25
474,"Pictorial carmine Crib",$289,6
475,"China rose Reclining Sofa","$1,119.99",77
476,"Columbia Blue Dresser",$699.99,15
477,"Charcoal Wardrobe",$719.99,12
478,"Lava Reclining Loveseat","$1,023.99",83
479,"Steel pink Dining Chair",$89.99,83
480,"Raw sienna Dining Chair",$89.99,89
481,"Orchid pink Chaise Lounge",$235.99,16
482,"Rosewood Stool",$54.99,10
483,"Harvest gold Headboard",$222.99,78
484,"Persian orange Dining Table",$800,35
485,"Wintergreen Dream Chaise Lounge",$235.99,19
486,"May green Bench",$114.99,3
487,"Cerulean blue Headboard",$222.99,83
488,"Neon blue Dining Chair",$89.99,48
489,"Apple green Sleeper Sofa","$1,279.99",73
490,"Safety yellow Stool",$54.99,28
491,"Green Coffee Table",$200,55
492,"Princeton orange Reclining Loveseat","$1,023.99",9
493,"Dark sky blue Plant Stand",$42.99,72
494,"Turquoise green Sectional","$1,039.99",86
495,"Rosy brown Loveseat",$269.99,62
496,"Tuscan red Ottoman",$52.99,43
497,"French sky blue Loveseat",$269.99,40
498,"Cinnabar Coffee Table",$200,63
499,"Mint Sectional","$1,039.99",68
500,"Quinacridone magenta Dresser",$699.99,90
501,"Teal blue Wardrobe",$719.99,96
502,"Lemon Dining Chair",$89.99,27
503,"Nickel Loveseat",$269.99,17
504,"Ruby Coffee Table",$200,3
505,"Dodger blue Dining Chair",$89.99,65
506,"Lime green Loveseat",$269.99,13
507,"Twilight lavender Bed",$389.99,16
508,"Maximum blue purple Wardrobe",$719.99,14
509,"Olive Futon",$219.99,96
510,"Hot pink Dining Chair",$89.99,51
511,"Blue jeans Reclining Sofa","$1,119.99",31
512,"Almond Headboard",$222.99,22
513,"Spanish red Reclining Sofa","$1,119.99",96
514,"Blast-off bronze End Table",$39.99,84
515,"Mystic maroon Dining Chair",$89.99,28
516,"Seashell Dresser",$699.99,14
517,"Spanish blue Storage Bench",$194.99,76
518,"Android green Chaise Lounge",$235.99,2
519,"Sienna End Table",$39.99,90
520,"Vivid burgundy Bench",$114.99,100
521,"Carrot orange Reclining Sofa","$1,119.99",45
522,"Ultra pink Nightstand",$81.99,33
523,"Cameo pink Dining Table",$800,40
524,"Spanish violet Stool",$54.99,83
525,"Silver Reclining Sofa","$1,119.99",91
526,"Ruby red Dining Table",$800,92
527,"Sunray gold Dining Chair",$89.99,87
528,"Pine green Headboard",$222.99,54
529,"Sheen green Chaise Lounge",$235.99,35
530,"Parchment Nightstand",$81.99,39
531,"Windsor tan Storage Bench",$194.99,33
532,"Maximum blue Reclining Loveseat","$1,023.99",12
533,"Eton blue Crib",$289,97
534,"Spanish red Dresser",$699.99,46
535,"Neon blue Wardrobe",$719.99,12
536,"Malachite green Dresser",$699.99,76
537,"Prussian blue Ottoman",$52.99,11
538,"Red-violet Storage Bench",$194.99,49
539,"Sunray gold Sleeper Sofa","$1,279.99",70
540,"Dark pastel green Crib",$289,49
541,"Nadeshiko pink End Table",$39.99,0
542,"Pastel pink Plant Stand",$42.99,44
543,"Caribbean green Stool",$54.99,35
544,"Cornsilk Headboard",$222.99,97
545,"Mint green Nightstand",$81.99,11
546,"Wheat gold Loveseat",$269.99,90
547,"Livid blue Futon",$219.99,17
548,"Bright navy blue Bench",$114.99,35
549,"Green-blue Daybed",$311.99,31
550,"Navy blue Loveseat",$269.99,75
551,"Rusty red Chaise Lounge",$235.99,96
552,"Eggshell Bench",$114.99,66
553,"Wisteria purple Wardrobe",$719.99,31
554,"Cornflower blue Daybed",$311.99,73
555,"Green Chaise Lounge",$235.99,10
556,"Cool grey Plant Stand",$42.99,67
557,"Super pink Dining Chair",$89.99,17
558,"Silver sand Crib",$289,11
559,"Jungle green Sofa",$649.99,20
560,"Antique fuchsia Loveseat",$269.99,52
561,"Chinese violet Headboard",$222.99,96
562,"Raw sienna Stool",$54.99,71
563,"Burnished brown Sofa",$649.99,73
564,"Livid blue Stool",$54.99,14
565,"Vermilion Sofa",$649.99,61
566,"Cerulean End Table",$39.99,49
567,"Yellow Ottoman",$52.99,83
568,"University of Pennsylvania red Loveseat",$269.99,39
569,"Pale aqua Nightstand",$81.99,63
570,"Fluorescent blue Crib",$289,48
571,"Ming Stool",$54.99,11
572,"Pale purple Wardrobe",$719.99,35
573,"Almond Sofa",$649.99,94
574,"Desert sand Dining Table",$800,67
575,"Celtic blue Chaise Lounge",$235.99,16
576,"Paolo Veronese green Stool",$54.99,39
577,"Purple navy Nightstand",$81.99,11
578,"Amethyst Wardrobe",$719.99,53
579,"Dark slate gray Chaise Lounge",$235.99,19
580,"Pale spring bud Bench",$114.99,74
581,"Jasmine Ottoman",$52.99,83
582,"Nickel Coffee Table",$200,43
583,"Spanish violet Headboard",$222.99,100
584,"Mode beige Stool",$54.99,90
585,"Straw Reclining Loveseat","$1,023.99",33
586,"Duke blue Plant Stand",$42.99,33
587,"Glossy grape End Table",$39.99,9
588,"Rust Coffee Table",$200,2
589,"Turquoise green Reclining Sofa","$1,119.99",11
590,"Magenta haze Chaise Lounge",$235.99,53
591,"Mardi Gras purple Sleeper Sofa","$1,279.99",17
592,"Opera mauve Reclining Sofa","$1,119.99",73
593,"Pacific blue Stool",$54.99,47
594,"Macaroni and Cheese Storage Bench",$194.99,61
595,"Pansy purple Crib",$289,35
596,"Electric blue Bench",$114.99,88
597,"English vermillion Dresser",$699.99,81
598,"Indian yellow Reclining Loveseat","$1,023.99",53
599,"Salmon pink Bench",$114.99,16
600,"Nadeshiko pink Crib",$289,33
601,"Wild watermelon Futon",$219.99,24
602,"Baby blue Dining Table",$800,98
603,"Brown sugar Daybed",$311.99,70
604,"Thistle grey Futon",$219.99,47
605,"Fuzzy Wuzzy brown Stool",$54.99,49
606,"Middle blue Plant Stand",$42.99,84
607,"Earth yellow End Table",$39.99,82
608,"Upsdell red Plant Stand",$42.99,95
609,"Ghost white Reclining Loveseat","$1,023.99",89
610,"Unbleached silk Coffee Table",$200,21
611,"Lapis lazuli Crib",$289,32
612,"Baby pink Bench",$114.99,98
613,"University of Pennsylvania red Plant Stand",$42.99,14
614,"Brink pink Sofa",$649.99,35
615,"Chinese red Coffee Table",$200,94
616,"Parchment Crib",$289,52
617,"Dark goldenrod Loveseat",$269.99,96
618,"Bright yellow Bench",$114.99,91
619,"Opera mauve Sleeper Sofa","$1,279.99",44
620,"Pink Sherbet Chaise Lounge",$235.99,96
621,"Cerulean Sleeper Sofa","$1,279.99",8
622,"MSU green Dining Chair",$89.99,48
623,"Ash gray Loveseat",$269.99,28
624,"Dark magenta End Table",$39.99,59
625,"Lemon yellow Sofa",$649.99,38
626,"Deep saffron Sleeper Sofa","$1,279.99",46
627,"French blue Stool",$54.99,60
628,"Shimmering Blush Headboard",$222.99,73
629,"Steel blue Headboard",$222.99,14
630,"Blond Plant Stand",$42.99,50
631,"Chrome yellow Chaise Lounge",$235.99,65
632,"Battleship grey Chaise Lounge",$235.99,26
633,"Paolo Veronese green Wardrobe",$719.99,21
634,"Key lime Dresser",$699.99,34
635,"Opal Dining Table",$800,98
636,"English lavender Futon",$219.99,6
637,"Platinum Wardrobe",$719.99,30
638,"Jazzberry jam Coffee Table",$200,77
639,"Winter Sky Sleeper Sofa","$1,279.99",16
640,"Mauve taupe Daybed",$311.99,32
641,"Turquoise blue Nightstand",$81.99,51
642,"Orchid pink Ottoman",$52.99,18
643,"Tropical rainforest Dining Chair",$89.99,92
644,"Bright green Stool",$54.99,6
645,"Silver sand End Table",$39.99,81
646,"Mango Tango Sleeper Sofa","$1,279.99",30
647,"Green Bench",$114.99,64
648,"Blush Crib",$289,49
649,"Ming Headboard",$222.99,16
650,"Dark chocolate Nightstand",$81.99,90
651,"Pewter Blue Daybed",$311.99,83
652,"Russet brown Wardrobe",$719.99,59
653,"Ghost white Reclining Loveseat","$1,023.99",40
654,"Orchid pink Reclining Sofa","$1,119.99",14
655,"Venetian red Stool",$54.99,7
656,"Violet-red Storage Bench",$194.99,80
657,"Cyan Reclining Loveseat","$1,023.99",62
658,"Radical Red Futon",$219.99,33
659,"Mauve Sofa",$649.99,95
660,"Jazzberry jam End Table",$39.99,96
661,"Strawberry Blonde Dining Table",$800,13
662,"Spanish blue Chaise Lounge",$235.99,69
663,"Salmon Sectional","$1,039.99",65
664,"Light French beige Bench",$114.99,21
665,"Neon blue Ottoman",$52.99,92
666,"Blanched almond Crib",$289,53
667,"Windsor tan Dresser",$699.99,13
668,"Orange Daybed",$311.99,24
669,"Forest green Bed",$389.99,30
670,"Magic mint Dining Table",$800,36
671,"Brink pink Stool",$54.99,40
672,"Resolution blue Storage Bench",$194.99,37
673,"Persian blue Futon",$219.99,1
674,"Middle green Daybed",$311.99,10
675,"Silver pink Loveseat",$269.99,98
676,"Pink Bench",$114.99,2
677,"Wine red Crib",$289,19
678,"Chocolate Storage Bench",$194.99,7
679,"Majorelle blue Daybed",$311.99,100
680,"Upsdell red Reclining Loveseat","$1,023.99",52
681,"Light pink Reclining Sofa","$1,119.99",72
682,"Cosmic cobalt Futon",$219.99,54
683,"Deep taupe Nightstand",$81.99,92
684,"Coral Stool",$54.99,2
685,"Blue bell Bed",$389.99,73
686,"Plump Purple Reclining Loveseat","$1,023.99",14
687,"Timberwolf grey Plant Stand",$42.99,11
688,"Little boy blue Coffee Table",$200,64
689,"Dark pastel green Dining Table",$800,56
690,"Kelly green Reclining Sofa","$1,119.99",60
691,"Goldenrod Ottoman",$52.99,69
692,"Copper penny Loveseat",$269.99,6
693,"Citrine Coffee Table",$200,70
694,"Chinese yellow Chaise Lounge",$235.99,32
695,"Razzle dazzle rose Headboard",$222.99,26
696,"Blond Reclining Sofa","$1,119.99",41
697,"Citrine Crib",$289,77
698,"Persian rose Wardrobe",$719.99,86
699,"Parchment Reclining Loveseat","$1,023.99",8
700,"Tuscan brown Nightstand",$81.99,69
701,"Old lavender Storage Bench",$194.99,98
702,"Ruby Sectional","$1,039.99",88
703,"Cinnamon Satin Sofa",$649.99,5
704,"Rusty red Loveseat",$269.99,32
705,"Rose ebony Sectional","$1,039.99",97
706,"Lava Bed",$389.99,64
707,"Lion gold Ottoman",$52.99,78
708,"English red Wardrobe",$719.99,50
709,"Silver Bench",$114.99,66
710,"Android green Dining Chair",$89.99,41
711,"Hot magenta Storage Bench",$194.99,59
712,"Psychedelic purple Bench",$114.99,51
713,"Persimmon Bench",$114.99,1
714,"Middle red Storage Bench",$194.99,96
715,"Wild Strawberry Ottoman",$52.99,32
716,"Sweet Brown End Table",$39.99,39
717,"Dark brown Headboard",$222.99,45
718,"Wine red Wardrobe",$719.99,68
719,"English vermillion Sectional","$1,039.99",52
720,"White Headboard",$222.99,75
721,"French bistre Sleeper Sofa","$1,279.99",67
722,"Vivid sky blue Headboard",$222.99,4
723,"Yellow-green Coffee Table",$200,29
724,"Mountbatten pink Headboard",$222.99,28
725,"China pink Stool",$54.99,80
726,"Royal blue Sofa",$649.99,94
727,"Tango pink Dining Chair",$89.99,79
728,"Maximum blue purple Sectional","$1,039.99",63
729,"Copper rose Stool",$54.99,30
730,"Taupe gray Dining Table",$800,8
731,"Rose madder Bed",$389.99,75
732,"Dutch white Bench",$114.99,88
733,"Tuscan brown Futon",$219.99,67
734,"Purple Plant Stand",$42.99,33
735,"English green Nightstand",$81.99,38
736,"Cobalt blue Reclining Loveseat","$1,023.99",76
737,"Ivory Plant Stand",$42.99,93
738,"Light sky blue Sleeper Sofa","$1,279.99",48
739,"Cornell red End Table",$39.99,2
740,"Bleu de France Sectional","$1,039.99",51
741,"Cocoa brown Daybed",$311.99,69
742,"Spanish blue Dresser",$699.99,42
743,"Languid lavender Headboard",$222.99,85
744,"Raspberry rose Ottoman",$52.99,96
745,"Royal yellow Sofa",$649.99,15
746,"Wild orchid Sleeper Sofa","$1,279.99",35
747,"Copper rose Reclining Loveseat","$1,023.99",37
748,"Light cornflower blue Ottoman",$52.99,40
749,"Dark electric blue Reclining Loveseat","$1,023.99",19
750,"Medium purple Sleeper Sofa","$1,279.99",27
751,"Copper red Dining Table",$800,25
752,"Sienna Plant Stand",$42.99,60
753,"Bistre brown Reclining Loveseat","$1,023.99",33
754,"Hot magenta Futon",$219.99,68
755,"Turquoise Dresser",$699.99,8
756,"Platinum End Table",$39.99,76
757,"Coyote brown Storage Bench",$194.99,58
758,"Redwood Bench",$114.99,3
759,"Silver sand Reclining Loveseat","$1,023.99",97
760,"Mandarin Reclining Sofa","$1,119.99",28
761,"Neon green Coffee Table",$200,31
762,"Heliotrope gray Daybed",$311.99,24
763,"Non-photo blue Sectional","$1,039.99",29
764,"Plum Plant Stand",$42.99,45
765,"Sunglow Loveseat",$269.99,32
766,"Mode beige Bench",$114.99,9
767,"Blue jeans Stool",$54.99,41
768,"Pine green Bench",$114.99,68
769,"Cornell red Bed",$389.99,44
770,"Mellow apricot Bed",$389.99,8
771,"Medium turquoise Nightstand",$81.99,73
772,"Light steel blue Chaise Lounge",$235.99,66
773,"Dark goldenrod Reclining Sofa","$1,119.99",82
774,"Pine tree Ottoman",$52.99,8
775,"Pale cerulean Coffee Table",$200,31
776,"Silver pink Sleeper Sofa","$1,279.99",4
777,"Medium turquoise Headboard",$222.99,83
778,"Yale Blue Wardrobe",$719.99,48
779,"Beige Loveseat",$269.99,4
780,"Van Dyke brown Ottoman",$52.99,68
781,"Honolulu blue Ottoman",$52.99,42
782,"Bud green Sectional","$1,039.99",77
783,"Orange soda Futon",$219.99,81
784,"Bud green Reclining Loveseat","$1,023.99",13
785,"Medium champagne Bench",$114.99,48
786,"Coyote brown Dining Table",$800,52
787,"Maximum blue Plant Stand",$42.99,94
788,"Black bean Bench",$114.99,61
789,"Brown sugar Reclining Loveseat","$1,023.99",37
790,"Spanish carmine Loveseat",$269.99,18
791,"Amethyst Storage Bench",$194.99,39
792,"Rose Pompadour End Table",$39.99,5
793,"Mauve Chaise Lounge",$235.99,6
794,"Tuscan brown Plant Stand",$42.99,97
795,"Amber Sectional","$1,039.99",0
796,"Dark magenta Sofa",$649.99,96
797,"Celadon blue Dining Table",$800,19
798,"Dark khaki Reclining Loveseat","$1,023.99",5
799,"Pearly purple Bed",$389.99,27
800,"Italian sky blue Bed",$389.99,87
801,"Radical Red Reclining Loveseat","$1,023.99",46
802,"Rose vale Dresser",$699.99,38
803,"Maximum green Wardrobe",$719.99,55
804,"French bistre Stool",$54.99,81
805,"Violet-red Ottoman",$52.99,65
806,"Mahogany Sofa",$649.99,6
807,"Old rose Coffee Table",$200,11
808,"Sage green Reclining Loveseat","$1,023.99",63
809,"Duke blue Sectional","$1,039.99",13
810,"Salmon pink Loveseat",$269.99,14
811,"Flax Ottoman",$52.99,64
812,"Eton blue Plant Stand",$42.99,22
813,"Cornflower blue Wardrobe",$719.99,59
814,"Rocket metallic Stool",$54.99,86
815,"Tea green Wardrobe",$719.99,66
816,"Shadow blue Sleeper Sofa","$1,279.99",46
817,"Blue yonder Coffee Table",$200,21
818,"Iceberg Plant Stand",$42.99,100
819,"Metallic gold Crib",$289,53
820,"Sunray gold Sleeper Sofa","$1,279.99",98
821,"Caribbean green Nightstand",$81.99,22
822,"Slimy green Headboard",$222.99,93
823,"Blue sapphire Wardrobe",$719.99,49
824,"Mint green Loveseat",$269.99,67
825,"Russian violet Dresser",$699.99,71
826,"Selective yellow Bed",$389.99,47
827,"Cherry blossom pink Sectional","$1,039.99",70
828,"Mint green Dresser",$699.99,11
829,"Amber Wardrobe",$719.99,4
830,"Blizzard blue Coffee Table",$200,88
831,"Italian sky blue Dresser",$699.99,41
832,"Dark salmon Dining Table",$800,3
833,"Dogwood rose Plant Stand",$42.99,26
834,"St. Patrick's blue Sofa",$649.99,72
835,"China rose Bed",$389.99,63
836,"Copper penny Reclining Loveseat","$1,023.99",56
837,"Lemon yellow Daybed",$311.99,17
838,"Chinese yellow Wardrobe",$719.99,79
839,"Dark green Dining Chair",$89.99,73
840,"Jungle green Loveseat",$269.99,20
841,"Bronze Plant Stand",$42.99,55
842,"Red-violet Loveseat",$269.99,90
843,"Dark violet Wardrobe",$719.99,80
844,"Nickel Coffee Table",$200,90
845,"Middle red Futon",$219.99,95
846,"Artichoke Ottoman",$52.99,33
847,"White Bench",$114.99,39
848,"Bright maroon Chaise Lounge",$235.99,84
849,"Coffee Sectional","$1,039.99",77
850,"Cream Reclining Loveseat","$1,023.99",59
851,"Tyrian purple Reclining Loveseat","$1,023.99",89
852,"Red-violet Bench",$114.99,55
853,"Black Bench",$114.99,54
854,"Silver Headboard",$222.99,54
855,"Sheen green Dresser",$699.99,31
856,"Wine dregs maroon Nightstand",$81.99,39
857,"Apricot Dining Chair",$89.99,31
858,"Egyptian blue Crib",$289,67
859,"Charcoal Storage Bench",$194.99,52
860,"Granite gray Wardrobe",$719.99,66
861,"Charcoal Bed",$389.99,55
862,"Terra cotta Plant Stand",$42.99,77
863,"Pumpkin Loveseat",$269.99,81
864,"Persian plum Bench",$114.99,7
865,"Forest green Headboard",$222.99,57
866,"English vermillion Reclining Loveseat","$1,023.99",72
867,"French raspberry Loveseat",$269.99,12
868,"Bitter lemon Dining Table",$800,57
869,"Green Lizard Ottoman",$52.99,18
870,"Smoky black Crib",$289,15
871,"New York pink Headboard",$222.99,8
872,"Manatee grey Storage Bench",$194.99,45
873,"Navy blue Nightstand",$81.99,71
874,"Neon fuchsia Headboard",$222.99,61
875,"Dark violet Dresser",$699.99,38
876,"Screamin' Green Dresser",$699.99,43
877,"Dark sienna Coffee Table",$200,20
878,"Spanish orange Nightstand",$81.99,73
879,"Taupe gray Bench",$114.99,95
880,"Medium violet-red Crib",$289,51
881,"Tart Orange Stool",$54.99,64
882,"Carnation pink Nightstand",$81.99,87
883,"Vegas gold Reclining Loveseat","$1,023.99",90
884,"Spanish viridian Dining Chair",$89.99,40
885,"Palatinate purple Nightstand",$81.99,33
886,"Piggy pink Sleeper Sofa","$1,279.99",16
887,"Deep saffron Crib",$289,65
888,"Chili red End Table",$39.99,78
889,"Strawberry Crib",$289,31
890,"Navy blue Headboard",$222.99,22
891,"Brilliant rose Futon",$219.99,10
892,"Dark purple Sectional","$1,039.99",91
893,"Mango Sectional","$1,039.99",92
894,"International orange Dresser",$699.99,56
895,"Blue bell Chaise Lounge",$235.99,9
896,"Deep jungle green Wardrobe",$719.99,8
897,"Taupe Futon",$219.99,21
898,"Violet Sofa",$649.99,62
899,"Powder blue Bed",$389.99,35
900,"Dodger blue End Table",$39.99,47
901,"Rose Pompadour Plant Stand",$42.99,56
902,"UA blue Stool",$54.99,43
903,"Canary yellow Dresser",$699.99,6
904,"French mauve Loveseat",$269.99,52
905,"Cyber yellow Wardrobe",$719.99,84
906,"Pink lavender Loveseat",$269.99,16
907,"Piggy pink Storage Bench",$194.99,48
908,"Dark violet End Table",$39.99,21
909,"Tea green Reclining Loveseat","$1,023.99",71
910,"Antique brass Coffee Table",$200,84
911,"Dark red Coffee Table",$200,59
912,"Purple navy Sectional","$1,039.99",23
913,"Lilac Plant Stand",$42.99,11
914,"Deep taupe Chaise Lounge",$235.99,62
915,"Honolulu blue Futon",$219.99,49
916,"Brown sugar Wardrobe",$719.99,2
917,"Psychedelic purple Sleeper Sofa","$1,279.99",89
918,"Brandy Chaise Lounge",$235.99,74
919,"Azure Reclining Loveseat","$1,023.99",64
920,"Strawberry Crib",$289,98
921,"Tangerine Ottoman",$52.99,40
922,"Maximum red Storage Bench",$194.99,67
923,"Vanilla Sofa",$649.99,71
924,"Sunset End Table",$39.99,16
925,"Redwood Sectional","$1,039.99",89
926,"Rose bonbon Chaise Lounge",$235.99,27
927,"Lilac Dining Table",$800,58
928,"Medium orchid Reclining Loveseat","$1,023.99",5
929,"Canary yellow Sofa",$649.99,91
930,"Dark orchid End Table",$39.99,7
931,"Maximum yellow red Bed",$389.99,94
932,"Ebony Bench",$114.99,36
933,"Bright green Dresser",$699.99,38
934,"Bitter lime End Table",$39.99,11
935,"Dark goldenrod Dining Table",$800,50
936,"Metallic Sunburst Futon",$219.99,6
937,"Myrtle End Table",$39.99,85
938,"Copper rose Sectional","$1,039.99",63
939,"Sweet Brown Ottoman",$52.99,62
940,"Purple pizzazz Ottoman",$52.99,93
941,"Pink lace Coffee Table",$200,55
942,"Macaroni and Cheese End Table",$39.99,10
943,"Teal blue Storage Bench",$194.99,25
944,"Amaranth purple Reclining Loveseat","$1,023.99",30
945,"Silver chalice Stool",$54.99,47
946,"Rusty red Crib",$289,64
947,"Twilight lavender Futon",$219.99,92
948,"Persian red Wardrobe",$719.99,70
949,"Chinese violet Bench",$114.99,48
950,"Warm black Storage Bench",$194.99,72
951,"Rose quartz Ottoman",$52.99,49
952,"Copper penny Wardrobe",$719.99,27
953,"Pale pink Sofa",$649.99,5
954,"Mimi pink Headboard",$222.99,3
955,"Outrageous Orange Bench",$114.99,84
956,"Dark cornflower blue Sectional","$1,039.99",57
957,"Metallic Sunburst Bed",$389.99,99
958,"Sand Reclining Sofa","$1,119.99",16
959,"Italian sky blue Headboard",$222.99,56
960,"Tangerine Loveseat",$269.99,33
961,"Safety orange Stool",$54.99,78
962,"New York pink Daybed",$311.99,60
963,"Lemon glacier Nightstand",$81.99,95
964,"Safety orange Reclining Sofa","$1,119.99",21
965,"Cinnamon Satin Coffee Table",$200,15
966,"Yellow Sunshine Reclining Loveseat","$1,023.99",65
967,"Liseran purple Daybed",$311.99,77
968,"Dark spring green Loveseat",$269.99,70
969,"Salmon Coffee Table",$200,31
970,"Russet brown Sleeper Sofa","$1,279.99",31
971,"Baby pink Sofa",$649.99,77
972,"Blanched almond Plant Stand",$42.99,78
973,"Tea rose Headboard",$222.99,34
974,"Chili red Bed",$389.99,53
975,"Dogwood rose Reclining Loveseat","$1,023.99",18
976,"Pale purple Crib",$289,65
977,"Morning blue Daybed",$311.99,77
978,"Queen pink Daybed",$311.99,85
979,"Bright yellow Storage Bench",$194.99,72
980,"Lion gold Wardrobe",$719.99,78
981,"Artichoke Daybed",$311.99,60
982,"Rosy brown Crib",$289,13
983,"Eggshell Loveseat",$269.99,62
984,"Ochre Loveseat",$269.99,8
985,"Cerulean blue Storage Bench",$194.99,65
986,"Mauvelous Dining Table",$800,58
987,"Apple green Wardrobe",$719.99,35
988,"Tan Reclining Sofa","$1,119.99",13
989,"Electric purple Stool",$54.99,26
990,"Vivid sky blue Crib",$289,55
991,"Spanish carmine Futon",$219.99,51
992,"Ivory Daybed",$311.99,3
993,"Olive green Headboard",$222.99,49
994,"Illuminating emerald Bench",$114.99,21
995,"Amber Dining Table",$800,89
996,"Antique ruby Stool",$54.99,77
997,"Orange-yellow Loveseat",$269.99,89
998,"Olive Ottoman",$52.99,76
999,"Van Dyke brown Sectional","$1,039.99",54
1000,"Flax Reclining Loveseat","$1,023.99",38
1001,"Green-blue Sleeper Sofa","$1,279.99",36
1002,"Sand dune Storage Bench",$194.99,77
1003,"Rich black Loveseat",$269.99,39
1004,"Dark magenta Dresser",$699.99,14
1005,"Vegas gold Coffee Table",$200,36
1006,"Middle blue Crib",$289,10
1007,"Cadmium yellow Stool",$54.99,52
1008,"Ming Ottoman",$52.99,53
1009,"Carolina blue Daybed",$311.99,96
1010,"Vermilion Sectional","$1,039.99",45
1011,"Tan Chaise Lounge",$235.99,93
1012,"Black Reclining Sofa","$1,119.99",40
1013,"Mango Bench",$114.99,37
1014,"Rojo Spanish red Chaise Lounge",$235.99,15
1015,"Prussian blue Coffee Table",$200,49
1016,"Deep champagne Nightstand",$81.99,86
1017,"Chinese red Sleeper Sofa","$1,279.99",0
1018,"Cobalt blue Dining Table",$800,2
1019,"Slate gray Daybed",$311.99,25
1020,"Bright yellow Ottoman",$52.99,64
1021,"Drab Sectional","$1,039.99",7
1022,"Mimi pink Reclining Loveseat","$1,023.99",35
1023,"Lava Chaise Lounge",$235.99,21
1024,"Old burgundy Futon",$219.99,83
1025,"Telemagenta Sleeper Sofa","$1,279.99",92
1026,"Dark slate gray Futon",$219.99,17
1027,"Prussian blue Storage Bench",$194.99,64
1028,"Cadmium yellow Reclining Sofa","$1,119.99",42
1029,"Tango pink Ottoman",$52.99,26
1030,"Floral white Loveseat",$269.99,51
1031,"Bright navy blue Reclining Sofa","$1,119.99",6
1032,"Baker-Miller pink Ottoman",$52.99,94
1033,"Brunswick green Storage Bench",$194.99,75
1034,"Pistachio Ottoman",$52.99,41
1035,"Golden brown Dining Chair",$89.99,77
1036,"Baker-Miller pink Daybed",$311.99,45
1037,"Mauve taupe Futon",$219.99,36
1038,"Indigo End Table",$39.99,26
1039,"Slate blue Loveseat",$269.99,83
1040,"Portland Orange Loveseat",$269.99,75
1041,"Opal Dining Table",$800,80
1042,"Light periwinkle Ottoman",$52.99,61
1043,"Rose vale Ottoman",$52.99,93
